suite,task,arch,run_id,seed,lr,wd,dropout,optimizer,error
text,error,char_transformer,0,2094311,7.433022914112735e-05,0.0008795346840271043,0.2,adamw,"AcceleratorError(""CUDA error: no kernel image is available for execution on the device\nSearch for `cudaErrorNoKernelImageForDevice' in https://docs.nvidia.com/cuda/cuda-runtime-api/group__CUDART__TYPES.html for more information.\nCUDA kernel errors might be asynchronously reported at some other API call, so the stacktrace below might be incorrect.\nFor debugging consider passing CUDA_LAUNCH_BLOCKING=1\nCompile with `TORCH_USE_CUDA_DSA` to enable device-side assertions.\n"")"
text,error,char_transformer,1,1962833,0.0019234617876845667,0.002461624632753309,0.05,adamw,"AcceleratorError(""CUDA error: no kernel image is available for execution on the device\nSearch for `cudaErrorNoKernelImageForDevice' in https://docs.nvidia.com/cuda/cuda-runtime-api/group__CUDART__TYPES.html for more information.\nCUDA kernel errors might be asynchronously reported at some other API call, so the stacktrace below might be incorrect.\nFor debugging consider passing CUDA_LAUNCH_BLOCKING=1\nCompile with `TORCH_USE_CUDA_DSA` to enable device-side assertions.\n"")"
text,error,char_transformer,2,3306201,5.843716566316e-05,3.005358646497566e-05,0.1,adamw,"AcceleratorError(""CUDA error: no kernel image is available for execution on the device\nSearch for `cudaErrorNoKernelImageForDevice' in https://docs.nvidia.com/cuda/cuda-runtime-api/group__CUDART__TYPES.html for more information.\nCUDA kernel errors might be asynchronously reported at some other API call, so the stacktrace below might be incorrect.\nFor debugging consider passing CUDA_LAUNCH_BLOCKING=1\nCompile with `TORCH_USE_CUDA_DSA` to enable device-side assertions.\n"")"
text,error,char_transformer,3,5790715,3.255716294962922e-05,1.720501221481112e-05,0.2,adamw,"AcceleratorError(""CUDA error: no kernel image is available for execution on the device\nSearch for `cudaErrorNoKernelImageForDevice' in https://docs.nvidia.com/cuda/cuda-runtime-api/group__CUDART__TYPES.html for more information.\nCUDA kernel errors might be asynchronously reported at some other API call, so the stacktrace below might be incorrect.\nFor debugging consider passing CUDA_LAUNCH_BLOCKING=1\nCompile with `TORCH_USE_CUDA_DSA` to enable device-side assertions.\n"")"
text,error,char_transformer,4,4297246,8.181486610316756e-05,2.417914916081446e-05,0.05,adamw,"AcceleratorError(""CUDA error: no kernel image is available for execution on the device\nSearch for `cudaErrorNoKernelImageForDevice' in https://docs.nvidia.com/cuda/cuda-runtime-api/group__CUDART__TYPES.html for more information.\nCUDA kernel errors might be asynchronously reported at some other API call, so the stacktrace below might be incorrect.\nFor debugging consider passing CUDA_LAUNCH_BLOCKING=1\nCompile with `TORCH_USE_CUDA_DSA` to enable device-side assertions.\n"")"
text,error,char_transformer,5,4759588,4.795454651576617e-05,3.6198792296760003e-06,0.05,adamw,"AcceleratorError(""CUDA error: no kernel image is available for execution on the device\nSearch for `cudaErrorNoKernelImageForDevice' in https://docs.nvidia.com/cuda/cuda-runtime-api/group__CUDART__TYPES.html for more information.\nCUDA kernel errors might be asynchronously reported at some other API call, so the stacktrace below might be incorrect.\nFor debugging consider passing CUDA_LAUNCH_BLOCKING=1\nCompile with `TORCH_USE_CUDA_DSA` to enable device-side assertions.\n"")"
text,error,char_transformer,6,3905030,0.002586920582698863,0.00035343812306787097,0.2,adamw,"AcceleratorError(""CUDA error: no kernel image is available for execution on the device\nSearch for `cudaErrorNoKernelImageForDevice' in https://docs.nvidia.com/cuda/cuda-runtime-api/group__CUDART__TYPES.html for more information.\nCUDA kernel errors might be asynchronously reported at some other API call, so the stacktrace below might be incorrect.\nFor debugging consider passing CUDA_LAUNCH_BLOCKING=1\nCompile with `TORCH_USE_CUDA_DSA` to enable device-side assertions.\n"")"
text,error,char_transformer,7,4743295,0.0013410995409221227,1.8114392479863145e-06,0.0,adamw,"AcceleratorError(""CUDA error: no kernel image is available for execution on the device\nSearch for `cudaErrorNoKernelImageForDevice' in https://docs.nvidia.com/cuda/cuda-runtime-api/group__CUDART__TYPES.html for more information.\nCUDA kernel errors might be asynchronously reported at some other API call, so the stacktrace below might be incorrect.\nFor debugging consider passing CUDA_LAUNCH_BLOCKING=1\nCompile with `TORCH_USE_CUDA_DSA` to enable device-side assertions.\n"")"
text,error,char_transformer,8,6839916,0.0008616340973865567,2.0640174092011665e-06,0.05,adamw,"AcceleratorError(""CUDA error: no kernel image is available for execution on the device\nSearch for `cudaErrorNoKernelImageForDevice' in https://docs.nvidia.com/cuda/cuda-runtime-api/group__CUDART__TYPES.html for more information.\nCUDA kernel errors might be asynchronously reported at some other API call, so the stacktrace below might be incorrect.\nFor debugging consider passing CUDA_LAUNCH_BLOCKING=1\nCompile with `TORCH_USE_CUDA_DSA` to enable device-side assertions.\n"")"
text,error,char_transformer,9,7408647,0.0008527247088137736,4.723227614807552e-06,0.1,adamw,"AcceleratorError(""CUDA error: no kernel image is available for execution on the device\nSearch for `cudaErrorNoKernelImageForDevice' in https://docs.nvidia.com/cuda/cuda-runtime-api/group__CUDART__TYPES.html for more information.\nCUDA kernel errors might be asynchronously reported at some other API call, so the stacktrace below might be incorrect.\nFor debugging consider passing CUDA_LAUNCH_BLOCKING=1\nCompile with `TORCH_USE_CUDA_DSA` to enable device-side assertions.\n"")"
text,error,char_transformer,10,3502830,0.0014586611837324084,0.002660561409665118,0.2,adamw,"AcceleratorError(""CUDA error: no kernel image is available for execution on the device\nSearch for `cudaErrorNoKernelImageForDevice' in https://docs.nvidia.com/cuda/cuda-runtime-api/group__CUDART__TYPES.html for more information.\nCUDA kernel errors might be asynchronously reported at some other API call, so the stacktrace below might be incorrect.\nFor debugging consider passing CUDA_LAUNCH_BLOCKING=1\nCompile with `TORCH_USE_CUDA_DSA` to enable device-side assertions.\n"")"
text,error,char_transformer,11,4819458,0.00039217351364954217,0.0006121450047058501,0.2,adamw,"AcceleratorError(""CUDA error: no kernel image is available for execution on the device\nSearch for `cudaErrorNoKernelImageForDevice' in https://docs.nvidia.com/cuda/cuda-runtime-api/group__CUDART__TYPES.html for more information.\nCUDA kernel errors might be asynchronously reported at some other API call, so the stacktrace below might be incorrect.\nFor debugging consider passing CUDA_LAUNCH_BLOCKING=1\nCompile with `TORCH_USE_CUDA_DSA` to enable device-side assertions.\n"")"
text,error,char_transformer,12,7611861,5.424373868962912e-05,5.3549253242026045e-06,0.05,adamw,"AcceleratorError(""CUDA error: no kernel image is available for execution on the device\nSearch for `cudaErrorNoKernelImageForDevice' in https://docs.nvidia.com/cuda/cuda-runtime-api/group__CUDART__TYPES.html for more information.\nCUDA kernel errors might be asynchronously reported at some other API call, so the stacktrace below might be incorrect.\nFor debugging consider passing CUDA_LAUNCH_BLOCKING=1\nCompile with `TORCH_USE_CUDA_DSA` to enable device-side assertions.\n"")"
text,error,char_transformer,13,9216275,4.136930092205e-05,0.0013591124050063746,0.0,adamw,"AcceleratorError(""CUDA error: no kernel image is available for execution on the device\nSearch for `cudaErrorNoKernelImageForDevice' in https://docs.nvidia.com/cuda/cuda-runtime-api/group__CUDART__TYPES.html for more information.\nCUDA kernel errors might be asynchronously reported at some other API call, so the stacktrace below might be incorrect.\nFor debugging consider passing CUDA_LAUNCH_BLOCKING=1\nCompile with `TORCH_USE_CUDA_DSA` to enable device-side assertions.\n"")"
text,error,char_transformer,14,2002376,0.0004247699212558331,6.3094217965207e-06,0.2,adamw,"AcceleratorError(""CUDA error: no kernel image is available for execution on the device\nSearch for `cudaErrorNoKernelImageForDevice' in https://docs.nvidia.com/cuda/cuda-runtime-api/group__CUDART__TYPES.html for more information.\nCUDA kernel errors might be asynchronously reported at some other API call, so the stacktrace below might be incorrect.\nFor debugging consider passing CUDA_LAUNCH_BLOCKING=1\nCompile with `TORCH_USE_CUDA_DSA` to enable device-side assertions.\n"")"
text,error,char_transformer,15,4716378,5.315842037604095e-05,1.4849343742316359e-05,0.05,adamw,"AcceleratorError(""CUDA error: no kernel image is available for execution on the device\nSearch for `cudaErrorNoKernelImageForDevice' in https://docs.nvidia.com/cuda/cuda-runtime-api/group__CUDART__TYPES.html for more information.\nCUDA kernel errors might be asynchronously reported at some other API call, so the stacktrace below might be incorrect.\nFor debugging consider passing CUDA_LAUNCH_BLOCKING=1\nCompile with `TORCH_USE_CUDA_DSA` to enable device-side assertions.\n"")"
text,error,char_transformer,16,1013649,8.937133228922769e-05,0.0005866029231497964,0.0,adamw,"AcceleratorError(""CUDA error: no kernel image is available for execution on the device\nSearch for `cudaErrorNoKernelImageForDevice' in https://docs.nvidia.com/cuda/cuda-runtime-api/group__CUDART__TYPES.html for more information.\nCUDA kernel errors might be asynchronously reported at some other API call, so the stacktrace below might be incorrect.\nFor debugging consider passing CUDA_LAUNCH_BLOCKING=1\nCompile with `TORCH_USE_CUDA_DSA` to enable device-side assertions.\n"")"
text,error,char_transformer,17,7495129,0.00040846889754503725,1.2618987896284399e-06,0.1,adamw,"AcceleratorError(""CUDA error: no kernel image is available for execution on the device\nSearch for `cudaErrorNoKernelImageForDevice' in https://docs.nvidia.com/cuda/cuda-runtime-api/group__CUDART__TYPES.html for more information.\nCUDA kernel errors might be asynchronously reported at some other API call, so the stacktrace below might be incorrect.\nFor debugging consider passing CUDA_LAUNCH_BLOCKING=1\nCompile with `TORCH_USE_CUDA_DSA` to enable device-side assertions.\n"")"
text,error,char_transformer,18,9633442,0.0007814364904727317,9.038454647534376e-06,0.2,adamw,"AcceleratorError(""CUDA error: no kernel image is available for execution on the device\nSearch for `cudaErrorNoKernelImageForDevice' in https://docs.nvidia.com/cuda/cuda-runtime-api/group__CUDART__TYPES.html for more information.\nCUDA kernel errors might be asynchronously reported at some other API call, so the stacktrace below might be incorrect.\nFor debugging consider passing CUDA_LAUNCH_BLOCKING=1\nCompile with `TORCH_USE_CUDA_DSA` to enable device-side assertions.\n"")"
text,error,char_transformer,19,1570091,0.00022345137277036598,0.00020322628072910612,0.0,adamw,"AcceleratorError(""CUDA error: no kernel image is available for execution on the device\nSearch for `cudaErrorNoKernelImageForDevice' in https://docs.nvidia.com/cuda/cuda-runtime-api/group__CUDART__TYPES.html for more information.\nCUDA kernel errors might be asynchronously reported at some other API call, so the stacktrace below might be incorrect.\nFor debugging consider passing CUDA_LAUNCH_BLOCKING=1\nCompile with `TORCH_USE_CUDA_DSA` to enable device-side assertions.\n"")"
text,error,char_transformer,20,7538308,0.00018565155054533166,9.885839781925182e-05,0.1,adamw,"AcceleratorError(""CUDA error: no kernel image is available for execution on the device\nSearch for `cudaErrorNoKernelImageForDevice' in https://docs.nvidia.com/cuda/cuda-runtime-api/group__CUDART__TYPES.html for more information.\nCUDA kernel errors might be asynchronously reported at some other API call, so the stacktrace below might be incorrect.\nFor debugging consider passing CUDA_LAUNCH_BLOCKING=1\nCompile with `TORCH_USE_CUDA_DSA` to enable device-side assertions.\n"")"
text,error,char_transformer,21,4606963,3.2121548181916824e-05,5.437485702167861e-06,0.2,adamw,"AcceleratorError(""CUDA error: no kernel image is available for execution on the device\nSearch for `cudaErrorNoKernelImageForDevice' in https://docs.nvidia.com/cuda/cuda-runtime-api/group__CUDART__TYPES.html for more information.\nCUDA kernel errors might be asynchronously reported at some other API call, so the stacktrace below might be incorrect.\nFor debugging consider passing CUDA_LAUNCH_BLOCKING=1\nCompile with `TORCH_USE_CUDA_DSA` to enable device-side assertions.\n"")"
text,error,char_transformer,22,1355446,0.001925122452621089,0.00011681136509611304,0.05,adamw,"AcceleratorError(""CUDA error: no kernel image is available for execution on the device\nSearch for `cudaErrorNoKernelImageForDevice' in https://docs.nvidia.com/cuda/cuda-runtime-api/group__CUDART__TYPES.html for more information.\nCUDA kernel errors might be asynchronously reported at some other API call, so the stacktrace below might be incorrect.\nFor debugging consider passing CUDA_LAUNCH_BLOCKING=1\nCompile with `TORCH_USE_CUDA_DSA` to enable device-side assertions.\n"")"
text,error,char_transformer,23,7644279,0.0009556036259734084,1.4644218244055365e-05,0.2,adamw,"AcceleratorError(""CUDA error: no kernel image is available for execution on the device\nSearch for `cudaErrorNoKernelImageForDevice' in https://docs.nvidia.com/cuda/cuda-runtime-api/group__CUDART__TYPES.html for more information.\nCUDA kernel errors might be asynchronously reported at some other API call, so the stacktrace below might be incorrect.\nFor debugging consider passing CUDA_LAUNCH_BLOCKING=1\nCompile with `TORCH_USE_CUDA_DSA` to enable device-side assertions.\n"")"
text,error,char_transformer,24,3027780,0.0020638398924081834,0.0006803633893440287,0.2,adamw,"AcceleratorError(""CUDA error: no kernel image is available for execution on the device\nSearch for `cudaErrorNoKernelImageForDevice' in https://docs.nvidia.com/cuda/cuda-runtime-api/group__CUDART__TYPES.html for more information.\nCUDA kernel errors might be asynchronously reported at some other API call, so the stacktrace below might be incorrect.\nFor debugging consider passing CUDA_LAUNCH_BLOCKING=1\nCompile with `TORCH_USE_CUDA_DSA` to enable device-side assertions.\n"")"
text,error,char_transformer,25,2594328,4.1727547759651495e-05,1.5112772513437663e-05,0.0,adamw,"AcceleratorError(""CUDA error: no kernel image is available for execution on the device\nSearch for `cudaErrorNoKernelImageForDevice' in https://docs.nvidia.com/cuda/cuda-runtime-api/group__CUDART__TYPES.html for more information.\nCUDA kernel errors might be asynchronously reported at some other API call, so the stacktrace below might be incorrect.\nFor debugging consider passing CUDA_LAUNCH_BLOCKING=1\nCompile with `TORCH_USE_CUDA_DSA` to enable device-side assertions.\n"")"
text,error,char_transformer,26,4749635,0.0003195211555427193,0.0007936602528114499,0.1,adamw,"AcceleratorError(""CUDA error: no kernel image is available for execution on the device\nSearch for `cudaErrorNoKernelImageForDevice' in https://docs.nvidia.com/cuda/cuda-runtime-api/group__CUDART__TYPES.html for more information.\nCUDA kernel errors might be asynchronously reported at some other API call, so the stacktrace below might be incorrect.\nFor debugging consider passing CUDA_LAUNCH_BLOCKING=1\nCompile with `TORCH_USE_CUDA_DSA` to enable device-side assertions.\n"")"
text,error,char_transformer,27,1216104,0.00020368617408749452,0.0007274944913498342,0.1,adamw,"AcceleratorError(""CUDA error: no kernel image is available for execution on the device\nSearch for `cudaErrorNoKernelImageForDevice' in https://docs.nvidia.com/cuda/cuda-runtime-api/group__CUDART__TYPES.html for more information.\nCUDA kernel errors might be asynchronously reported at some other API call, so the stacktrace below might be incorrect.\nFor debugging consider passing CUDA_LAUNCH_BLOCKING=1\nCompile with `TORCH_USE_CUDA_DSA` to enable device-side assertions.\n"")"
text,error,char_transformer,28,7349675,4.653748523195237e-05,6.769797815718201e-05,0.1,adamw,"AcceleratorError(""CUDA error: no kernel image is available for execution on the device\nSearch for `cudaErrorNoKernelImageForDevice' in https://docs.nvidia.com/cuda/cuda-runtime-api/group__CUDART__TYPES.html for more information.\nCUDA kernel errors might be asynchronously reported at some other API call, so the stacktrace below might be incorrect.\nFor debugging consider passing CUDA_LAUNCH_BLOCKING=1\nCompile with `TORCH_USE_CUDA_DSA` to enable device-side assertions.\n"")"
text,error,char_transformer,29,4014497,9.829281776889987e-05,0.0001278966371558419,0.2,adamw,"AcceleratorError(""CUDA error: no kernel image is available for execution on the device\nSearch for `cudaErrorNoKernelImageForDevice' in https://docs.nvidia.com/cuda/cuda-runtime-api/group__CUDART__TYPES.html for more information.\nCUDA kernel errors might be asynchronously reported at some other API call, so the stacktrace below might be incorrect.\nFor debugging consider passing CUDA_LAUNCH_BLOCKING=1\nCompile with `TORCH_USE_CUDA_DSA` to enable device-side assertions.\n"")"
text,error,char_transformer,30,9683405,0.00044065011183911724,1.8608111213528278e-06,0.0,adamw,"AcceleratorError(""CUDA error: no kernel image is available for execution on the device\nSearch for `cudaErrorNoKernelImageForDevice' in https://docs.nvidia.com/cuda/cuda-runtime-api/group__CUDART__TYPES.html for more information.\nCUDA kernel errors might be asynchronously reported at some other API call, so the stacktrace below might be incorrect.\nFor debugging consider passing CUDA_LAUNCH_BLOCKING=1\nCompile with `TORCH_USE_CUDA_DSA` to enable device-side assertions.\n"")"
text,error,char_transformer,31,7781242,0.00018998777634148111,3.722078591549117e-05,0.0,adamw,"AcceleratorError(""CUDA error: no kernel image is available for execution on the device\nSearch for `cudaErrorNoKernelImageForDevice' in https://docs.nvidia.com/cuda/cuda-runtime-api/group__CUDART__TYPES.html for more information.\nCUDA kernel errors might be asynchronously reported at some other API call, so the stacktrace below might be incorrect.\nFor debugging consider passing CUDA_LAUNCH_BLOCKING=1\nCompile with `TORCH_USE_CUDA_DSA` to enable device-side assertions.\n"")"
text,error,char_transformer,32,6410538,0.0009390072019819328,0.0008441267457239507,0.2,adamw,"AcceleratorError(""CUDA error: no kernel image is available for execution on the device\nSearch for `cudaErrorNoKernelImageForDevice' in https://docs.nvidia.com/cuda/cuda-runtime-api/group__CUDART__TYPES.html for more information.\nCUDA kernel errors might be asynchronously reported at some other API call, so the stacktrace below might be incorrect.\nFor debugging consider passing CUDA_LAUNCH_BLOCKING=1\nCompile with `TORCH_USE_CUDA_DSA` to enable device-side assertions.\n"")"
text,error,char_transformer,33,7478949,0.00011297079394267957,2.601243071565371e-06,0.2,adamw,"AcceleratorError(""CUDA error: no kernel image is available for execution on the device\nSearch for `cudaErrorNoKernelImageForDevice' in https://docs.nvidia.com/cuda/cuda-runtime-api/group__CUDART__TYPES.html for more information.\nCUDA kernel errors might be asynchronously reported at some other API call, so the stacktrace below might be incorrect.\nFor debugging consider passing CUDA_LAUNCH_BLOCKING=1\nCompile with `TORCH_USE_CUDA_DSA` to enable device-side assertions.\n"")"
text,error,char_transformer,34,7502410,0.0015139129130767631,0.0014412795469653128,0.2,adamw,"AcceleratorError(""CUDA error: no kernel image is available for execution on the device\nSearch for `cudaErrorNoKernelImageForDevice' in https://docs.nvidia.com/cuda/cuda-runtime-api/group__CUDART__TYPES.html for more information.\nCUDA kernel errors might be asynchronously reported at some other API call, so the stacktrace below might be incorrect.\nFor debugging consider passing CUDA_LAUNCH_BLOCKING=1\nCompile with `TORCH_USE_CUDA_DSA` to enable device-side assertions.\n"")"
text,error,char_transformer,35,6086952,0.00040726248396762263,0.00015344054408328664,0.2,adamw,"AcceleratorError(""CUDA error: no kernel image is available for execution on the device\nSearch for `cudaErrorNoKernelImageForDevice' in https://docs.nvidia.com/cuda/cuda-runtime-api/group__CUDART__TYPES.html for more information.\nCUDA kernel errors might be asynchronously reported at some other API call, so the stacktrace below might be incorrect.\nFor debugging consider passing CUDA_LAUNCH_BLOCKING=1\nCompile with `TORCH_USE_CUDA_DSA` to enable device-side assertions.\n"")"
text,error,char_transformer,36,5663810,0.0026132044080762157,1.5822028215968785e-05,0.1,adamw,"AcceleratorError(""CUDA error: no kernel image is available for execution on the device\nSearch for `cudaErrorNoKernelImageForDevice' in https://docs.nvidia.com/cuda/cuda-runtime-api/group__CUDART__TYPES.html for more information.\nCUDA kernel errors might be asynchronously reported at some other API call, so the stacktrace below might be incorrect.\nFor debugging consider passing CUDA_LAUNCH_BLOCKING=1\nCompile with `TORCH_USE_CUDA_DSA` to enable device-side assertions.\n"")"
text,error,char_transformer,37,439738,3.8816035285591556e-05,0.001450429945588946,0.1,adamw,"AcceleratorError(""CUDA error: no kernel image is available for execution on the device\nSearch for `cudaErrorNoKernelImageForDevice' in https://docs.nvidia.com/cuda/cuda-runtime-api/group__CUDART__TYPES.html for more information.\nCUDA kernel errors might be asynchronously reported at some other API call, so the stacktrace below might be incorrect.\nFor debugging consider passing CUDA_LAUNCH_BLOCKING=1\nCompile with `TORCH_USE_CUDA_DSA` to enable device-side assertions.\n"")"
text,error,char_transformer,38,9911152,0.0022681692403970317,6.384167217109798e-05,0.1,adamw,"AcceleratorError(""CUDA error: no kernel image is available for execution on the device\nSearch for `cudaErrorNoKernelImageForDevice' in https://docs.nvidia.com/cuda/cuda-runtime-api/group__CUDART__TYPES.html for more information.\nCUDA kernel errors might be asynchronously reported at some other API call, so the stacktrace below might be incorrect.\nFor debugging consider passing CUDA_LAUNCH_BLOCKING=1\nCompile with `TORCH_USE_CUDA_DSA` to enable device-side assertions.\n"")"
text,error,char_transformer,39,5325354,0.00013369257919807536,0.0005164117482799925,0.05,adamw,"AcceleratorError(""CUDA error: no kernel image is available for execution on the device\nSearch for `cudaErrorNoKernelImageForDevice' in https://docs.nvidia.com/cuda/cuda-runtime-api/group__CUDART__TYPES.html for more information.\nCUDA kernel errors might be asynchronously reported at some other API call, so the stacktrace below might be incorrect.\nFor debugging consider passing CUDA_LAUNCH_BLOCKING=1\nCompile with `TORCH_USE_CUDA_DSA` to enable device-side assertions.\n"")"
text,error,char_transformer,40,4474299,5.56639725623212e-05,0.0003972291492463673,0.0,adamw,"AcceleratorError(""CUDA error: no kernel image is available for execution on the device\nSearch for `cudaErrorNoKernelImageForDevice' in https://docs.nvidia.com/cuda/cuda-runtime-api/group__CUDART__TYPES.html for more information.\nCUDA kernel errors might be asynchronously reported at some other API call, so the stacktrace below might be incorrect.\nFor debugging consider passing CUDA_LAUNCH_BLOCKING=1\nCompile with `TORCH_USE_CUDA_DSA` to enable device-side assertions.\n"")"
text,error,char_transformer,41,2940904,0.00022237996258118905,7.394470690865849e-05,0.1,adamw,"AcceleratorError(""CUDA error: no kernel image is available for execution on the device\nSearch for `cudaErrorNoKernelImageForDevice' in https://docs.nvidia.com/cuda/cuda-runtime-api/group__CUDART__TYPES.html for more information.\nCUDA kernel errors might be asynchronously reported at some other API call, so the stacktrace below might be incorrect.\nFor debugging consider passing CUDA_LAUNCH_BLOCKING=1\nCompile with `TORCH_USE_CUDA_DSA` to enable device-side assertions.\n"")"
text,error,char_transformer,42,9639131,0.000702141043869425,0.0002664685931237354,0.2,adamw,"AcceleratorError(""CUDA error: no kernel image is available for execution on the device\nSearch for `cudaErrorNoKernelImageForDevice' in https://docs.nvidia.com/cuda/cuda-runtime-api/group__CUDART__TYPES.html for more information.\nCUDA kernel errors might be asynchronously reported at some other API call, so the stacktrace below might be incorrect.\nFor debugging consider passing CUDA_LAUNCH_BLOCKING=1\nCompile with `TORCH_USE_CUDA_DSA` to enable device-side assertions.\n"")"
text,error,char_transformer,43,1191119,0.00021183404107086317,4.23276529164172e-05,0.0,adamw,"AcceleratorError(""CUDA error: no kernel image is available for execution on the device\nSearch for `cudaErrorNoKernelImageForDevice' in https://docs.nvidia.com/cuda/cuda-runtime-api/group__CUDART__TYPES.html for more information.\nCUDA kernel errors might be asynchronously reported at some other API call, so the stacktrace below might be incorrect.\nFor debugging consider passing CUDA_LAUNCH_BLOCKING=1\nCompile with `TORCH_USE_CUDA_DSA` to enable device-side assertions.\n"")"
text,error,char_transformer,44,7027011,0.0022160558967151325,4.1364165648914135e-06,0.2,adamw,"AcceleratorError(""CUDA error: no kernel image is available for execution on the device\nSearch for `cudaErrorNoKernelImageForDevice' in https://docs.nvidia.com/cuda/cuda-runtime-api/group__CUDART__TYPES.html for more information.\nCUDA kernel errors might be asynchronously reported at some other API call, so the stacktrace below might be incorrect.\nFor debugging consider passing CUDA_LAUNCH_BLOCKING=1\nCompile with `TORCH_USE_CUDA_DSA` to enable device-side assertions.\n"")"
text,error,char_transformer,45,306979,0.0004289759028993573,8.042525572931366e-05,0.0,adamw,"AcceleratorError(""CUDA error: no kernel image is available for execution on the device\nSearch for `cudaErrorNoKernelImageForDevice' in https://docs.nvidia.com/cuda/cuda-runtime-api/group__CUDART__TYPES.html for more information.\nCUDA kernel errors might be asynchronously reported at some other API call, so the stacktrace below might be incorrect.\nFor debugging consider passing CUDA_LAUNCH_BLOCKING=1\nCompile with `TORCH_USE_CUDA_DSA` to enable device-side assertions.\n"")"
text,error,char_transformer,46,8071744,0.0021513258318513733,3.326921439030445e-05,0.1,adamw,"AcceleratorError(""CUDA error: no kernel image is available for execution on the device\nSearch for `cudaErrorNoKernelImageForDevice' in https://docs.nvidia.com/cuda/cuda-runtime-api/group__CUDART__TYPES.html for more information.\nCUDA kernel errors might be asynchronously reported at some other API call, so the stacktrace below might be incorrect.\nFor debugging consider passing CUDA_LAUNCH_BLOCKING=1\nCompile with `TORCH_USE_CUDA_DSA` to enable device-side assertions.\n"")"
text,error,char_transformer,47,5432163,8.39117905671445e-05,3.036836820191087e-05,0.2,adamw,"AcceleratorError(""CUDA error: no kernel image is available for execution on the device\nSearch for `cudaErrorNoKernelImageForDevice' in https://docs.nvidia.com/cuda/cuda-runtime-api/group__CUDART__TYPES.html for more information.\nCUDA kernel errors might be asynchronously reported at some other API call, so the stacktrace below might be incorrect.\nFor debugging consider passing CUDA_LAUNCH_BLOCKING=1\nCompile with `TORCH_USE_CUDA_DSA` to enable device-side assertions.\n"")"
text,error,char_transformer,48,7319921,3.948457503885052e-05,0.0005020043471470255,0.2,adamw,"AcceleratorError(""CUDA error: no kernel image is available for execution on the device\nSearch for `cudaErrorNoKernelImageForDevice' in https://docs.nvidia.com/cuda/cuda-runtime-api/group__CUDART__TYPES.html for more information.\nCUDA kernel errors might be asynchronously reported at some other API call, so the stacktrace below might be incorrect.\nFor debugging consider passing CUDA_LAUNCH_BLOCKING=1\nCompile with `TORCH_USE_CUDA_DSA` to enable device-side assertions.\n"")"
text,error,char_transformer,49,1591528,0.0002131469190136225,0.00021200871251665415,0.0,adamw,"AcceleratorError(""CUDA error: no kernel image is available for execution on the device\nSearch for `cudaErrorNoKernelImageForDevice' in https://docs.nvidia.com/cuda/cuda-runtime-api/group__CUDART__TYPES.html for more information.\nCUDA kernel errors might be asynchronously reported at some other API call, so the stacktrace below might be incorrect.\nFor debugging consider passing CUDA_LAUNCH_BLOCKING=1\nCompile with `TORCH_USE_CUDA_DSA` to enable device-side assertions.\n"")"
text,error,char_transformer,50,5447906,3.178918316605227e-05,3.028175923813432e-05,0.1,adamw,"AcceleratorError(""CUDA error: no kernel image is available for execution on the device\nSearch for `cudaErrorNoKernelImageForDevice' in https://docs.nvidia.com/cuda/cuda-runtime-api/group__CUDART__TYPES.html for more information.\nCUDA kernel errors might be asynchronously reported at some other API call, so the stacktrace below might be incorrect.\nFor debugging consider passing CUDA_LAUNCH_BLOCKING=1\nCompile with `TORCH_USE_CUDA_DSA` to enable device-side assertions.\n"")"
text,error,char_transformer,51,6301877,0.001345352727999079,0.0009692987684517513,0.05,adamw,"AcceleratorError(""CUDA error: no kernel image is available for execution on the device\nSearch for `cudaErrorNoKernelImageForDevice' in https://docs.nvidia.com/cuda/cuda-runtime-api/group__CUDART__TYPES.html for more information.\nCUDA kernel errors might be asynchronously reported at some other API call, so the stacktrace below might be incorrect.\nFor debugging consider passing CUDA_LAUNCH_BLOCKING=1\nCompile with `TORCH_USE_CUDA_DSA` to enable device-side assertions.\n"")"
text,error,char_transformer,52,6249617,0.00011624695595422462,0.0001028621938253284,0.2,adamw,"AcceleratorError(""CUDA error: no kernel image is available for execution on the device\nSearch for `cudaErrorNoKernelImageForDevice' in https://docs.nvidia.com/cuda/cuda-runtime-api/group__CUDART__TYPES.html for more information.\nCUDA kernel errors might be asynchronously reported at some other API call, so the stacktrace below might be incorrect.\nFor debugging consider passing CUDA_LAUNCH_BLOCKING=1\nCompile with `TORCH_USE_CUDA_DSA` to enable device-side assertions.\n"")"
text,error,char_transformer,53,6770324,9.072645013204374e-05,9.676048805649819e-05,0.1,adamw,"AcceleratorError(""CUDA error: no kernel image is available for execution on the device\nSearch for `cudaErrorNoKernelImageForDevice' in https://docs.nvidia.com/cuda/cuda-runtime-api/group__CUDART__TYPES.html for more information.\nCUDA kernel errors might be asynchronously reported at some other API call, so the stacktrace below might be incorrect.\nFor debugging consider passing CUDA_LAUNCH_BLOCKING=1\nCompile with `TORCH_USE_CUDA_DSA` to enable device-side assertions.\n"")"
text,error,char_transformer,54,2898792,0.00010653607210626907,1.8156445304243404e-06,0.1,adamw,"AcceleratorError(""CUDA error: no kernel image is available for execution on the device\nSearch for `cudaErrorNoKernelImageForDevice' in https://docs.nvidia.com/cuda/cuda-runtime-api/group__CUDART__TYPES.html for more information.\nCUDA kernel errors might be asynchronously reported at some other API call, so the stacktrace below might be incorrect.\nFor debugging consider passing CUDA_LAUNCH_BLOCKING=1\nCompile with `TORCH_USE_CUDA_DSA` to enable device-side assertions.\n"")"
text,error,char_transformer,55,2892933,6.86403665711798e-05,0.0002118305761631388,0.1,adamw,"AcceleratorError(""CUDA error: no kernel image is available for execution on the device\nSearch for `cudaErrorNoKernelImageForDevice' in https://docs.nvidia.com/cuda/cuda-runtime-api/group__CUDART__TYPES.html for more information.\nCUDA kernel errors might be asynchronously reported at some other API call, so the stacktrace below might be incorrect.\nFor debugging consider passing CUDA_LAUNCH_BLOCKING=1\nCompile with `TORCH_USE_CUDA_DSA` to enable device-side assertions.\n"")"
text,error,char_transformer,56,7540751,0.0029376291545721283,2.3611210124938085e-06,0.2,adamw,"AcceleratorError(""CUDA error: no kernel image is available for execution on the device\nSearch for `cudaErrorNoKernelImageForDevice' in https://docs.nvidia.com/cuda/cuda-runtime-api/group__CUDART__TYPES.html for more information.\nCUDA kernel errors might be asynchronously reported at some other API call, so the stacktrace below might be incorrect.\nFor debugging consider passing CUDA_LAUNCH_BLOCKING=1\nCompile with `TORCH_USE_CUDA_DSA` to enable device-side assertions.\n"")"
text,error,char_transformer,57,5657351,0.002430273729514939,1.5885129046222246e-06,0.2,adamw,"AcceleratorError(""CUDA error: no kernel image is available for execution on the device\nSearch for `cudaErrorNoKernelImageForDevice' in https://docs.nvidia.com/cuda/cuda-runtime-api/group__CUDART__TYPES.html for more information.\nCUDA kernel errors might be asynchronously reported at some other API call, so the stacktrace below might be incorrect.\nFor debugging consider passing CUDA_LAUNCH_BLOCKING=1\nCompile with `TORCH_USE_CUDA_DSA` to enable device-side assertions.\n"")"
text,error,char_transformer,58,5436815,0.00022000778215261105,1.1482621443614548e-05,0.05,adamw,"AcceleratorError(""CUDA error: no kernel image is available for execution on the device\nSearch for `cudaErrorNoKernelImageForDevice' in https://docs.nvidia.com/cuda/cuda-runtime-api/group__CUDART__TYPES.html for more information.\nCUDA kernel errors might be asynchronously reported at some other API call, so the stacktrace below might be incorrect.\nFor debugging consider passing CUDA_LAUNCH_BLOCKING=1\nCompile with `TORCH_USE_CUDA_DSA` to enable device-side assertions.\n"")"
text,error,char_transformer,59,1802812,0.0006195038845338965,8.921481300506696e-06,0.1,adamw,"AcceleratorError(""CUDA error: no kernel image is available for execution on the device\nSearch for `cudaErrorNoKernelImageForDevice' in https://docs.nvidia.com/cuda/cuda-runtime-api/group__CUDART__TYPES.html for more information.\nCUDA kernel errors might be asynchronously reported at some other API call, so the stacktrace below might be incorrect.\nFor debugging consider passing CUDA_LAUNCH_BLOCKING=1\nCompile with `TORCH_USE_CUDA_DSA` to enable device-side assertions.\n"")"
text,error,char_transformer,60,3125484,0.00017564795894698963,0.0024882069929560886,0.05,adamw,"AcceleratorError(""CUDA error: no kernel image is available for execution on the device\nSearch for `cudaErrorNoKernelImageForDevice' in https://docs.nvidia.com/cuda/cuda-runtime-api/group__CUDART__TYPES.html for more information.\nCUDA kernel errors might be asynchronously reported at some other API call, so the stacktrace below might be incorrect.\nFor debugging consider passing CUDA_LAUNCH_BLOCKING=1\nCompile with `TORCH_USE_CUDA_DSA` to enable device-side assertions.\n"")"
text,error,char_transformer,61,8803950,0.000699544482695803,1.8644468277814387e-06,0.2,adamw,"AcceleratorError(""CUDA error: no kernel image is available for execution on the device\nSearch for `cudaErrorNoKernelImageForDevice' in https://docs.nvidia.com/cuda/cuda-runtime-api/group__CUDART__TYPES.html for more information.\nCUDA kernel errors might be asynchronously reported at some other API call, so the stacktrace below might be incorrect.\nFor debugging consider passing CUDA_LAUNCH_BLOCKING=1\nCompile with `TORCH_USE_CUDA_DSA` to enable device-side assertions.\n"")"
text,error,char_transformer,62,9959676,4.1631268441842406e-05,3.993474338354219e-06,0.2,adamw,"AcceleratorError(""CUDA error: no kernel image is available for execution on the device\nSearch for `cudaErrorNoKernelImageForDevice' in https://docs.nvidia.com/cuda/cuda-runtime-api/group__CUDART__TYPES.html for more information.\nCUDA kernel errors might be asynchronously reported at some other API call, so the stacktrace below might be incorrect.\nFor debugging consider passing CUDA_LAUNCH_BLOCKING=1\nCompile with `TORCH_USE_CUDA_DSA` to enable device-side assertions.\n"")"
text,error,char_transformer,63,2930314,0.0002515175596854088,1.3306663730784165e-06,0.0,adamw,"AcceleratorError(""CUDA error: no kernel image is available for execution on the device\nSearch for `cudaErrorNoKernelImageForDevice' in https://docs.nvidia.com/cuda/cuda-runtime-api/group__CUDART__TYPES.html for more information.\nCUDA kernel errors might be asynchronously reported at some other API call, so the stacktrace below might be incorrect.\nFor debugging consider passing CUDA_LAUNCH_BLOCKING=1\nCompile with `TORCH_USE_CUDA_DSA` to enable device-side assertions.\n"")"
text,error,char_transformer,64,95622,0.0023579051087224863,0.0012779021607013847,0.05,adamw,"AcceleratorError(""CUDA error: no kernel image is available for execution on the device\nSearch for `cudaErrorNoKernelImageForDevice' in https://docs.nvidia.com/cuda/cuda-runtime-api/group__CUDART__TYPES.html for more information.\nCUDA kernel errors might be asynchronously reported at some other API call, so the stacktrace below might be incorrect.\nFor debugging consider passing CUDA_LAUNCH_BLOCKING=1\nCompile with `TORCH_USE_CUDA_DSA` to enable device-side assertions.\n"")"
text,error,char_transformer,65,7628939,3.7094795495312215e-05,1.7327881700922595e-05,0.0,adamw,"AcceleratorError(""CUDA error: no kernel image is available for execution on the device\nSearch for `cudaErrorNoKernelImageForDevice' in https://docs.nvidia.com/cuda/cuda-runtime-api/group__CUDART__TYPES.html for more information.\nCUDA kernel errors might be asynchronously reported at some other API call, so the stacktrace below might be incorrect.\nFor debugging consider passing CUDA_LAUNCH_BLOCKING=1\nCompile with `TORCH_USE_CUDA_DSA` to enable device-side assertions.\n"")"
text,error,char_transformer,66,7472703,0.0007942262172123434,0.0001939682893658683,0.1,adamw,"AcceleratorError(""CUDA error: no kernel image is available for execution on the device\nSearch for `cudaErrorNoKernelImageForDevice' in https://docs.nvidia.com/cuda/cuda-runtime-api/group__CUDART__TYPES.html for more information.\nCUDA kernel errors might be asynchronously reported at some other API call, so the stacktrace below might be incorrect.\nFor debugging consider passing CUDA_LAUNCH_BLOCKING=1\nCompile with `TORCH_USE_CUDA_DSA` to enable device-side assertions.\n"")"
text,error,char_transformer,67,552477,0.0020720857769687137,0.000643527849026185,0.0,adamw,"AcceleratorError(""CUDA error: no kernel image is available for execution on the device\nSearch for `cudaErrorNoKernelImageForDevice' in https://docs.nvidia.com/cuda/cuda-runtime-api/group__CUDART__TYPES.html for more information.\nCUDA kernel errors might be asynchronously reported at some other API call, so the stacktrace below might be incorrect.\nFor debugging consider passing CUDA_LAUNCH_BLOCKING=1\nCompile with `TORCH_USE_CUDA_DSA` to enable device-side assertions.\n"")"
text,error,char_transformer,68,7388949,3.0357939068491714e-05,1.5254645235159256e-05,0.05,adamw,"AcceleratorError(""CUDA error: no kernel image is available for execution on the device\nSearch for `cudaErrorNoKernelImageForDevice' in https://docs.nvidia.com/cuda/cuda-runtime-api/group__CUDART__TYPES.html for more information.\nCUDA kernel errors might be asynchronously reported at some other API call, so the stacktrace below might be incorrect.\nFor debugging consider passing CUDA_LAUNCH_BLOCKING=1\nCompile with `TORCH_USE_CUDA_DSA` to enable device-side assertions.\n"")"
text,error,char_transformer,69,7860592,0.00019088487115734922,5.725611137957308e-05,0.2,adamw,"AcceleratorError(""CUDA error: no kernel image is available for execution on the device\nSearch for `cudaErrorNoKernelImageForDevice' in https://docs.nvidia.com/cuda/cuda-runtime-api/group__CUDART__TYPES.html for more information.\nCUDA kernel errors might be asynchronously reported at some other API call, so the stacktrace below might be incorrect.\nFor debugging consider passing CUDA_LAUNCH_BLOCKING=1\nCompile with `TORCH_USE_CUDA_DSA` to enable device-side assertions.\n"")"
text,error,char_transformer,70,3183187,7.579774869373408e-05,1.6698875999506292e-06,0.1,adamw,"AcceleratorError(""CUDA error: no kernel image is available for execution on the device\nSearch for `cudaErrorNoKernelImageForDevice' in https://docs.nvidia.com/cuda/cuda-runtime-api/group__CUDART__TYPES.html for more information.\nCUDA kernel errors might be asynchronously reported at some other API call, so the stacktrace below might be incorrect.\nFor debugging consider passing CUDA_LAUNCH_BLOCKING=1\nCompile with `TORCH_USE_CUDA_DSA` to enable device-side assertions.\n"")"
text,error,char_transformer,71,3514738,0.0020050372138855693,3.1299417930927062e-06,0.05,adamw,"AcceleratorError(""CUDA error: no kernel image is available for execution on the device\nSearch for `cudaErrorNoKernelImageForDevice' in https://docs.nvidia.com/cuda/cuda-runtime-api/group__CUDART__TYPES.html for more information.\nCUDA kernel errors might be asynchronously reported at some other API call, so the stacktrace below might be incorrect.\nFor debugging consider passing CUDA_LAUNCH_BLOCKING=1\nCompile with `TORCH_USE_CUDA_DSA` to enable device-side assertions.\n"")"
text,error,char_transformer,72,295421,0.00018714875056404312,0.0005825731133921078,0.1,adamw,"AcceleratorError(""CUDA error: no kernel image is available for execution on the device\nSearch for `cudaErrorNoKernelImageForDevice' in https://docs.nvidia.com/cuda/cuda-runtime-api/group__CUDART__TYPES.html for more information.\nCUDA kernel errors might be asynchronously reported at some other API call, so the stacktrace below might be incorrect.\nFor debugging consider passing CUDA_LAUNCH_BLOCKING=1\nCompile with `TORCH_USE_CUDA_DSA` to enable device-side assertions.\n"")"
text,error,char_transformer,73,6072431,0.0005490964406026668,1.4033775918564207e-06,0.0,adamw,"AcceleratorError(""CUDA error: no kernel image is available for execution on the device\nSearch for `cudaErrorNoKernelImageForDevice' in https://docs.nvidia.com/cuda/cuda-runtime-api/group__CUDART__TYPES.html for more information.\nCUDA kernel errors might be asynchronously reported at some other API call, so the stacktrace below might be incorrect.\nFor debugging consider passing CUDA_LAUNCH_BLOCKING=1\nCompile with `TORCH_USE_CUDA_DSA` to enable device-side assertions.\n"")"
text,error,char_transformer,74,3875859,0.0003679415380628357,6.341990459602927e-06,0.0,adamw,"AcceleratorError(""CUDA error: no kernel image is available for execution on the device\nSearch for `cudaErrorNoKernelImageForDevice' in https://docs.nvidia.com/cuda/cuda-runtime-api/group__CUDART__TYPES.html for more information.\nCUDA kernel errors might be asynchronously reported at some other API call, so the stacktrace below might be incorrect.\nFor debugging consider passing CUDA_LAUNCH_BLOCKING=1\nCompile with `TORCH_USE_CUDA_DSA` to enable device-side assertions.\n"")"
text,error,char_transformer,75,8744637,0.0015713788584930317,1.5549075942114638e-06,0.2,adamw,"AcceleratorError(""CUDA error: no kernel image is available for execution on the device\nSearch for `cudaErrorNoKernelImageForDevice' in https://docs.nvidia.com/cuda/cuda-runtime-api/group__CUDART__TYPES.html for more information.\nCUDA kernel errors might be asynchronously reported at some other API call, so the stacktrace below might be incorrect.\nFor debugging consider passing CUDA_LAUNCH_BLOCKING=1\nCompile with `TORCH_USE_CUDA_DSA` to enable device-side assertions.\n"")"
text,error,char_transformer,76,9289214,0.00019512619927882207,0.0016004945343542042,0.05,adamw,"AcceleratorError(""CUDA error: no kernel image is available for execution on the device\nSearch for `cudaErrorNoKernelImageForDevice' in https://docs.nvidia.com/cuda/cuda-runtime-api/group__CUDART__TYPES.html for more information.\nCUDA kernel errors might be asynchronously reported at some other API call, so the stacktrace below might be incorrect.\nFor debugging consider passing CUDA_LAUNCH_BLOCKING=1\nCompile with `TORCH_USE_CUDA_DSA` to enable device-side assertions.\n"")"
text,error,char_transformer,77,6748703,0.0022181844159135087,0.0002984566849821387,0.1,adamw,"AcceleratorError(""CUDA error: no kernel image is available for execution on the device\nSearch for `cudaErrorNoKernelImageForDevice' in https://docs.nvidia.com/cuda/cuda-runtime-api/group__CUDART__TYPES.html for more information.\nCUDA kernel errors might be asynchronously reported at some other API call, so the stacktrace below might be incorrect.\nFor debugging consider passing CUDA_LAUNCH_BLOCKING=1\nCompile with `TORCH_USE_CUDA_DSA` to enable device-side assertions.\n"")"
text,error,char_transformer,78,2105176,0.0001473039135337896,0.0016527853731603877,0.1,adamw,"AcceleratorError(""CUDA error: no kernel image is available for execution on the device\nSearch for `cudaErrorNoKernelImageForDevice' in https://docs.nvidia.com/cuda/cuda-runtime-api/group__CUDART__TYPES.html for more information.\nCUDA kernel errors might be asynchronously reported at some other API call, so the stacktrace below might be incorrect.\nFor debugging consider passing CUDA_LAUNCH_BLOCKING=1\nCompile with `TORCH_USE_CUDA_DSA` to enable device-side assertions.\n"")"
text,error,char_transformer,79,8674923,5.262096583590581e-05,1.1929059408848912e-05,0.0,adamw,"AcceleratorError(""CUDA error: no kernel image is available for execution on the device\nSearch for `cudaErrorNoKernelImageForDevice' in https://docs.nvidia.com/cuda/cuda-runtime-api/group__CUDART__TYPES.html for more information.\nCUDA kernel errors might be asynchronously reported at some other API call, so the stacktrace below might be incorrect.\nFor debugging consider passing CUDA_LAUNCH_BLOCKING=1\nCompile with `TORCH_USE_CUDA_DSA` to enable device-side assertions.\n"")"
